{"cameraMode":{"drawMode":0,"name":"Shaded","section":"Shading Mode"},"sceneLighting":false,"audioPlay":false,"sceneViewState":{"showFog":true,"showMaterialUpdate":false,"showSkybox":false,"showFlares":true,"showImageEffects":true,"showParticleSystems":true},"in2DMode":false,"pivot":{"x":13.251296997070313,"y":2.952972412109375,"z":5.444915771484375},"rotation":{"x":0.17570717632770539,"y":0.6294872164726257,"z":-0.14905224740505219,"w":0.7420666217803955},"size":57.886863708496097,"orthographic":false}