{"cameraMode":{"drawMode":0,"name":"Shaded","section":"Shading Mode"},"sceneLighting":false,"audioPlay":false,"sceneViewState":{"showFog":true,"showMaterialUpdate":false,"showSkybox":false,"showFlares":true,"showImageEffects":true,"showParticleSystems":true},"in2DMode":false,"pivot":{"x":-1.9778213500976563,"y":0.26251220703125,"z":31.642709732055665},"rotation":{"x":-0.1846206784248352,"y":-0.49616339802742007,"z":0.10887160897254944,"w":-0.8413897156715393},"size":35.60986328125,"orthographic":false}